trial,category,param,requested_ok,measured_freq_khz,measured_governor,wall_seconds,avg_core_power_w,avg_summed_rails_w,avg_corrected_total_w,energy_joules,energy_per_prediction_mj,samples_in,samples_kept,reject_pct,summaries_produced,predictions_made,power_sample_count
1,baseline,default,1,2400000,ondemand,0.000910,0.0000,0.0000,0.0000,0.0000,0.0000,4096,4066,0.73,256,32,0
2,clock,max,1,2400000,userspace,0.000907,0.0000,0.0000,0.0000,0.0000,0.0000,4096,4066,0.73,256,32,0
3,clock,mid,1,2000000,userspace,0.001075,0.0000,0.0000,0.0000,0.0000,0.0000,4096,4066,0.73,256,32,0
4,clock,min,1,1500000,userspace,0.002371,0.4753,1.7185,2.5557,0.5787,18.0846,4096,4066,0.73,256,32,1
5,cores,4,1,1500000,ondemand,0.001426,0.0000,0.0000,0.0000,0.0000,0.0000,4096,4066,0.73,256,32,0
6,cores,2,1,1500000,ondemand,0.001415,0.0000,0.0000,0.0000,0.0000,0.0000,4096,4066,0.73,256,32,0
7,cores,1,1,1900000,ondemand,0.001858,0.8707,2.1165,3.0115,0.6806,21.2700,4096,4066,0.73,256,32,1
8,governor,performance,1,2400000,performance,0.000895,0.0000,0.0000,0.0000,0.0000,0.0000,4096,4066,0.73,256,32,0
9,governor,schedutil,1,2400000,schedutil,0.000929,0.8084,2.1018,2.9947,0.6776,21.1739,4096,4066,0.73,256,32,1
10,governor,powersave,1,1500000,powersave,0.001448,0.0000,0.0000,0.0000,0.0000,0.0000,4096,4066,0.73,256,32,0
